degree|city|sports
0|Unknown|Tennis
0|Unknown|Tennis
0|Sainte-Thérèse|Pickleball+Tennis
0|Montréal|Pickleball
0|Unknown|Tennis
0|Laval|Tennis
0|Unknown|Tennis
0|Unknown|Tennis
0|Unknown|Tennis
0|Unknown|Tennis
0|Unknown|Tennis
0|Unknown|Tennis
0|Unknown|Tennis
0|Unknown|Tennis
0|Unknown|Pickleball
0|Unknown|Tennis
0|Unknown|Tennis
0|Unknown|Tennis
0|Montréal|Tennis
0|Unknown|Tennis
0|Unknown|Tennis
0|Unknown|Tennis
0|Unknown|Tennis
0|Unknown|Tennis
0|Unknown|Tennis
0|Unknown|Tennis
0|Unknown|Pickleball
0|Montréal|Tennis
0|Montreal|Pickleball
0|Unknown|Tennis
0|Unknown|Tennis
0|Unknown|Tennis
0|Unknown|Pickleball+Tennis
1|Unknown|Tennis
1|Unknown|Tennis
1|Saint-Bruno-de-Montarville|Tennis
1|Repentigny|Pickleball
1|Unknown|Pickleball+Tennis
1|Unknown|Tennis
1|Unknown|Pickleball
1|Unknown|Pickleball+Tennis
1|Unknown|Pickleball
1|Unknown|Tennis
1|Unknown|Tennis
1|Unknown|Tennis
1|Unknown|Tennis
1|Unknown|Pickleball+Tennis
1|Montréal|Pickleball+Tennis
1|Montréal|Pickleball
1|Unknown|Pickleball
1|Unknown|Tennis
1|Unknown|Pickleball
1|Unknown|Tennis
1|Unknown|Pickleball+Tennis
1|Montréal|Pickleball
1|Montréal|Pickleball
1|Unknown|Tennis
1|Unknown|Tennis
1|Unknown|Pickleball
1|Unknown|Pickleball+Tennis
1|Unknown|Pickleball
1|Unknown|Tennis
1|Unknown|Tennis
1|Unknown|Pickleball
1|Unknown|Tennis
1|Montréal|Tennis
1|Unknown|Tennis
1|Unknown|Tennis
1|Unknown|Tennis
1|Unknown|Tennis
1|Laval|Tennis
1|Unknown|Pickleball
2|Unknown|Tennis
2|Unknown|Pickleball
2|Unknown|Tennis
2|Unknown|Tennis
2|Unknown|Pickleball
2|Montréal|Tennis
2|Unknown|Tennis
2|Unknown|Tennis
2|Laval|Tennis
2|Unknown|Pickleball
2|Unknown|Tennis
2|Unknown|Tennis
2|Unknown|Pickleball
2|Unknown|Tennis
2|Dollard-des-Ormeaux|Pickleball+Tennis
2|Unknown|Tennis
2|Unknown|Pickleball
2|Unknown|Tennis
2|Unknown|Pickleball+Tennis
2|Unknown|Tennis
2|Unknown|Tennis
2|Unknown|Pickleball+Tennis
3|Unknown|Pickleball
3|Unknown|Tennis
3|Unknown|Tennis
3|Unknown|Tennis
3|Unknown|Tennis
3|Unknown|Pickleball
3|Longueuil|Tennis
3|Unknown|Tennis
3|Laval|Tennis
3|Unknown|Tennis
3|Unknown|Tennis
3|Unknown|Tennis
3|Unknown|Tennis
3|Unknown|Tennis
3|Laval|Tennis
3|Unknown|Tennis
3|Unknown|Tennis
3|Unknown|Tennis
3|Unknown|Tennis
3|Unknown|Tennis
3|Unknown|Tennis
4|Unknown|Pickleball+Tennis
4|Unknown|Tennis
4|Unknown|Tennis
4|Montréal|Tennis
4|Unknown|Pickleball+Tennis
4|Montréal|Tennis
4|Unknown|Tennis
4|Montréal|Pickleball+Tennis
4|Unknown|Pickleball
4|Montréal|Pickleball+Tennis
4|Unknown|Tennis
4|Laval|Tennis
4|Unknown|Tennis
4|Unknown|Pickleball
4|Unknown|Tennis
4|Unknown|Tennis
4|Unknown|Tennis
4|Unknown|Pickleball+Tennis
4|Unknown|Tennis
5|Unknown|Tennis
5|Unknown|Tennis
5|Unknown|Tennis
5|Montréal|Tennis
5|Unknown|Pickleball+Tennis
5|Unknown|Tennis
5|Unknown|Tennis
5|Montréal|Tennis
5|Unknown|Tennis
5|Côte Saint-Luc|Pickleball+Tennis
5|Unknown|Pickleball
6|Unknown|Tennis
6|Unknown|Tennis
6|Unknown|Tennis
6|Unknown|Tennis
6|Unknown|Tennis
6|Unknown|Tennis
6|Montréal|Tennis
6|Montréal|Tennis
6|Montréal|Tennis
6|Unknown|Tennis
6|Unknown|Tennis
6|Unknown|Pickleball+Tennis
6|Unknown|Tennis
6|Unknown|Tennis
6|Unknown|Tennis
7|Côte Saint-Luc|Pickleball+Tennis
7|Unknown|Tennis
7|Unknown|Tennis
7|Unknown|Tennis
7|Unknown|Tennis
7|Montréal|Tennis
8|Unknown|Tennis
8|Unknown|Tennis
8|Unknown|Tennis
8|Unknown|Tennis
8|Unknown|Pickleball+Tennis
8|Montréal|Tennis
8|Unknown|Pickleball+Tennis
8|Unknown|Tennis
8|Unknown|Tennis
8|Unknown|Tennis
9|Montréal|Tennis
9|Unknown|Pickleball+Tennis
9|Montréal|Tennis
9|Unknown|Pickleball+Tennis
9|Montréal|Tennis
9|Unknown|Tennis
9|Unknown|Pickleball+Tennis
9|Unknown|Tennis
9|Unknown|Tennis
9|Montréal|Tennis
9|Unknown|Tennis
9|Montréal|Tennis
10|Montréal|Tennis
10|Unknown|Tennis
10|Unknown|Tennis
10|Unknown|Tennis
10|Unknown|Tennis
10|Montréal|Tennis
10|Unknown|Pickleball+Tennis
10|Montréal|Tennis
11|Unknown|Tennis
11|Unknown|Pickleball+Tennis
11|Unknown|Pickleball+Tennis
11|Unknown|Tennis
11|Unknown|Tennis
11|Unknown|Tennis
11|Montréal|Tennis
12|Unknown|Tennis
12|Unknown|Tennis
12|Unknown|Tennis
12|Unknown|Tennis
12|Unknown|Tennis
12|Unknown|Tennis
12|Unknown|Tennis
12|Unknown|Tennis
12|Unknown|Tennis
12|Unknown|Tennis
12|Unknown|Tennis
12|Unknown|Tennis
13|Unknown|Tennis
13|Unknown|Tennis
13|Montréal|Tennis
13|Unknown|Tennis
13|Unknown|Tennis
13|Unknown|Tennis
14|Montréal|Tennis
14|Montréal|Tennis
14|Unknown|Tennis
14|Laval|Tennis
14|Unknown|Tennis
14|Unknown|Tennis
14|Montréal|Pickleball+Tennis
15|Unknown|Tennis
15|Côte Saint-Luc|Pickleball+Tennis
15|Unknown|Tennis
15|Unknown|Tennis
15|Unknown|Tennis
15|Unknown|Tennis
15|Unknown|Pickleball+Tennis
16|Unknown|Tennis
16|Unknown|Tennis
16|Unknown|Tennis
16|Unknown|Tennis
16|Unknown|Tennis
16|Montréal|Tennis
16|Unknown|Tennis
16|Unknown|Tennis
17|Saint-Eustache|Tennis
17|Unknown|Tennis
18|Unknown|Tennis
18|Unknown|Tennis
18|Unknown|Tennis
18|Unknown|Tennis
18|Unknown|Tennis
18|Unknown|Tennis
18|Montréal|Tennis
18|Unknown|Tennis
18|Unknown|Tennis
19|Unknown|Tennis
19|Montréal|Tennis
19|Unknown|Tennis
19|Montréal|Tennis
19|Unknown|Pickleball+Tennis
20|Unknown|Tennis
20|Unknown|Tennis
20|Unknown|Tennis
20|Unknown|Tennis
20|Unknown|Pickleball+Tennis
21|Montréal|Tennis
21|Unknown|Tennis
21|Unknown|Tennis
22|Unknown|Tennis
22|Unknown|Tennis
22|Unknown|Tennis
22|Unknown|Tennis
23|Unknown|Tennis
23|Brossard|Tennis
24|Montréal|Tennis
24|Montréal|Tennis
24|Unknown|Tennis
24|Unknown|Tennis
24|Unknown|Tennis
24|Unknown|Pickleball+Tennis
24|Laval|Tennis
25|Unknown|Tennis
25|Unknown|Tennis
25|Unknown|Tennis
25|Unknown|Tennis
25|Unknown|Tennis
25|Unknown|Tennis
25|Unknown|Tennis
26|Montréal|Tennis
26|Montréal|Pickleball+Tennis
26|Unknown|Tennis
26|Unknown|Tennis
26|Montréal|Pickleball+Tennis
26|Unknown|Tennis
26|Unknown|Tennis
26|Unknown|Tennis
26|Montréal|Tennis
27|Unknown|Tennis
28|Unknown|Tennis
28|Unknown|Tennis
28|Unknown|Tennis
28|Montreal|Tennis
28|Unknown|Tennis
28|Unknown|Tennis
28|Unknown|Tennis
29|Unknown|Tennis
29|Unknown|Tennis
29|Montréal|Tennis
29|Montréal|Tennis
30|Unknown|Tennis
30|Unknown|Tennis
30|Unknown|Tennis
30|Unknown|Tennis
30|Unknown|Tennis
30|Unknown|Tennis
31|Unknown|Pickleball+Tennis
31|Unknown|Tennis
31|Unknown|Tennis
31|Unknown|Tennis
31|Montréal|Tennis
32|Unknown|Tennis
32|Unknown|Tennis
32|Unknown|Tennis
32|Unknown|Tennis
32|Unknown|Tennis
32|Montréal|Tennis
33|Unknown|Pickleball+Tennis
34|Unknown|Tennis
35|Unknown|Pickleball+Tennis
35|Unknown|Tennis
35|Unknown|Tennis
36|Unknown|Tennis
36|Unknown|Tennis
37|Unknown|Tennis
37|Unknown|Tennis
38|Unknown|Tennis
39|Unknown|Tennis
40|Unknown|Tennis
44|Unknown|Tennis
57|Unknown|Tennis
